"DESCRIPTION","DURATION IN MS","NAME","PARENT SUITE","START TIME","STATUS","STOP TIME","SUB SUITE","SUITE","TEST CLASS","TEST METHOD"
"","24545","Verify ""SEARCHED PRODUCTS"" is visible","chromium","2026-02-08","passed","2026-02-08","All Products Flow","04_Products_Module\TC09_Search_Products_test.spec.ts","",""
"","51017","Verify all the products related to search are visible","chromium","2026-02-08","failed","2026-02-08","Product Review Flow","04_Products_Module\TC20_Recommended_Items_Add_test.spec.ts","",""
"","19745","Verify ""GET IN TOUCH"" is visible","chromium","2026-02-08","passed","2026-02-08","Contact Flow","02_ContactUs_Module\TC06_ContactUs_Form_test.spec.ts","",""
"","9747","Verify Users could not Login by providing, Invalid email and valid password","chromium","2026-02-08","passed","2026-02-08","Login Flow","01_LoginRegister_Module\TC03_Login_With_Invalid_Creds_test.spec.ts","",""
"","7136","Verify that home page is visible successfully","chromium","2026-02-08","passed","2026-02-08","Register Checkout Flow","04_Products_Module\TC12_PlaceOrder_Register_After_Checkout_test.spec.ts","",""
"","18756","Verify that 'ACCOUNT DELETED!' is visible","chromium","2026-02-08","passed","2026-02-08","Signup Flow","06_Negative_Tests\TC24_Screenshots_on_negative_test.spec.ts","",""
"","49489","Verify that home page is visible successfully","chromium","2026-02-08","passed","2026-02-08","Register Checkout Flow","04_Products_Module\TC15_Remove_Products_From_Cart_test.spec.ts","",""
"","56206","Verify Hover over first product and click Add to cart","chromium","2026-02-08","failed","2026-02-08","Cart Products Flow","04_Products_Module\TC10_AddProducts_ToCart_test.spec.ts","",""
"","10150","Verify ""New User Signup!"" is visible","chromium","2026-02-08","passed","2026-02-08","Register Flow","01_LoginRegister_Module\TC05_Register_With_Existing_Mail_test.spec.ts","",""
"","23022","Verify user is navigated to ALL PRODUCTS page successfully","chromium","2026-02-08","passed","2026-02-08","Cart Products Flow","04_Products_Module\TC10_AddProducts_ToCart_test.spec.ts","",""
"","25620","Verify success message ""Thank you for your review.""","chromium","2026-02-08","passed","2026-02-08","Product Review Flow","04_Products_Module\TC20_Recommended_Items_Add_test.spec.ts","",""
"","22417","Verify that home page is visible successfully","chromium","2026-02-08","failed","2026-02-08","Cart Products Flow","04_Products_Module\TC11_Product_Quantity_test.spec.ts","",""
"","29363","Verify that ""ENTER ACCOUNT INFORMATION"" is visible","chromium","2026-02-08","passed","2026-02-08","Signup Flow","01_LoginRegister_Module\TC01_SignUp_test.spec.ts","",""
"","13015","Verify ""Account logout successfully done""","chromium","2026-02-08","passed","2026-02-08","Signup Flow","01_LoginRegister_Module\TC04_Logout_Test.spec.ts","",""
"","10594","Verify ""New User Signup!"" is visible","chromium","2026-02-08","passed","2026-02-08","Signup Flow","01_LoginRegister_Module\TC04_Logout_Test.spec.ts","",""
"","53201","Verify that 'Account Deleted' is visible","chromium","2026-02-08","failed","2026-02-08","Login Flow","01_LoginRegister_Module\TC02_Login_test.spec.ts","",""
"","17493","Verify ""SUBSCRIPTION"" is visible","chromium","2026-02-08","passed","2026-02-08","Subscription Flow","05_Subscription_Module\TC23_Scroll_UporDown_test.spec.ts","",""
"","26022","Verify that home page is visible successfully","chromium","2026-02-08","failed","2026-02-08","Cart Products Flow","04_Products_Module\TC10_AddProducts_ToCart_test.spec.ts","",""
"","50695","Verify that user is navigated to the Man category page","chromium","2026-02-08","passed","2026-02-08","Register Checkout Flow","04_Products_Module\TC16_View_Product_Category_test.spec.ts","",""
"","23118","Verify error 'Email Address already exist!' is visible","chromium","2026-02-08","passed","2026-02-08","Register Flow","01_LoginRegister_Module\TC05_Register_With_Existing_Mail_test.spec.ts","",""
"","8149","Verify user is navigated to ALL PRODUCTS page successfully","chromium","2026-02-08","passed","2026-02-08","Cart Products Flow","04_Products_Module\TC11_Product_Quantity_test.spec.ts","",""
"","27271","Verify that categories are visible on left side bar","chromium","2026-02-08","passed","2026-02-08","Register Checkout Flow","04_Products_Module\TC17_View_Barnd_Products_test.spec.ts","",""
"","17386","Verify success message 'Success! Your details have been submitted successfully.' is visible","chromium","2026-02-08","passed","2026-02-08","Contact Flow","02_ContactUs_Module\TC06_ContactUs_Form_test.spec.ts","",""
"","22449","Verify that home page is visible successfully","chromium","2026-02-08","passed","2026-02-08","Contact Flow","02_ContactUs_Module\TC06_ContactUs_Form_test.spec.ts","",""
"","93077","Verify Register while checkout","chromium","2026-02-08","broken","2026-02-08","Register Checkout Flow","04_Products_Module\TC12_PlaceOrder_Register_After_Checkout_test.spec.ts","",""
"","22092","Verify that home page is visible successfully","chromium","2026-02-08","passed","2026-02-08","All Products Flow","04_Products_Module\TC09_Search_Products_test.spec.ts","",""
"","28925","Verify product details are being displayed into the Cart","chromium","2026-02-08","passed","2026-02-08","Cart Products Flow","04_Products_Module\TC10_AddProducts_ToCart_test.spec.ts","",""
"","44282","Verify that category page is displayed and confirm text ""WOMEN - TOPS PRODUCTS""","chromium","2026-02-08","failed","2026-02-08","Register Checkout Flow","04_Products_Module\TC16_View_Product_Category_test.spec.ts","",""
"","69314","Verify that 'ACCOUNT DELETED!' is visible","chromium","2026-02-08","broken","2026-02-08","Signup Flow","01_LoginRegister_Module\TC01_SignUp_test.spec.ts","",""
"","18054","Verify that ""ENTER ACCOUNT INFORMATION"" is visible","chromium","2026-02-08","failed","2026-02-08","Signup Flow","06_Negative_Tests\TC24_Screenshots_on_negative_test.spec.ts","",""
"","4757","get started link","chromium","2026-02-08","passed","2026-02-08","","example.spec.ts","",""
"","20602","Verify that 'logged in user' is visible","chromium","2026-02-08","passed","2026-02-08","Signup Flow","06_Negative_Tests\TC24_Screenshots_on_negative_test.spec.ts","",""
"","28081","Verify that categories are visible on left side bar","chromium","2026-02-08","passed","2026-02-08","Register Checkout Flow","04_Products_Module\TC16_View_Product_Category_test.spec.ts","",""
"","59562","Verify Register while checkout","chromium","2026-02-08","passed","2026-02-08","Register Checkout Flow","04_Products_Module\TC21_Download_Invoice_after_purchase_test.spec.ts","",""
"","22041","Verify that 'ACCOUNT CREATED!' is visible","chromium","2026-02-08","passed","2026-02-08","Signup Flow","06_Negative_Tests\TC24_Screenshots_on_negative_test.spec.ts","",""
"","19790","Verify user is navigated to ALL PRODUCTS page successfully","chromium","2026-02-08","failed","2026-02-08","All Products Flow","04_Products_Module\TC18_Search_Products_Verify_login_test.spec.ts","",""
"","18813","Verify that detail detail is visible: product name, category, price, availability, condition, brand","chromium","2026-02-08","passed","2026-02-08","All Products Flow","04_Products_Module\TC08_AllProducts_test.spec.ts","",""
"","16842","Verify that home page is visible successfully","chromium","2026-02-08","passed","2026-02-08","Register Checkout Flow","04_Products_Module\TC16_View_Product_Category_test.spec.ts","",""
"","23549","Verify all the products related to search are visible","chromium","2026-02-08","failed","2026-02-08","All Products Flow","04_Products_Module\TC09_Search_Products_test.spec.ts","",""
"","11938","Verify ""SEARCHED PRODUCTS"" is visible","chromium","2026-02-08","passed","2026-02-08","All Products Flow","04_Products_Module\TC18_Search_Products_Verify_login_test.spec.ts","",""
"","7847","Verify that home page is visible successfully","chromium","2026-02-08","passed","2026-02-08","Register Checkout Flow","04_Products_Module\TC14_PlaceOrder_Login_Before_Checkout_test.spec.ts","",""
"","20472","Verify that home page is visible successfully","chromium","2026-02-08","passed","2026-02-08","All Products Flow","04_Products_Module\TC08_AllProducts_test.spec.ts","",""
"","36618","Verify ""New User Signup!"" is visible","chromium","2026-02-08","failed","2026-02-08","Signup Flow","06_Negative_Tests\TC24_Screenshots_on_negative_test.spec.ts","",""
"","68367","Verify that 'ACCOUNT CREATED!' is visible","chromium","2026-02-08","broken","2026-02-08","Signup Flow","01_LoginRegister_Module\TC01_SignUp_test.spec.ts","",""
"","12177","Verify Specific Product Details are visible and product is displayed in cart page with exact quantity","chromium","2026-02-08","passed","2026-02-08","Cart Products Flow","04_Products_Module\TC11_Product_Quantity_test.spec.ts","",""
"","67815","Verify that ""ENTER ACCOUNT INFORMATION"" is visible","chromium","2026-02-08","broken","2026-02-08","Signup Flow","01_LoginRegister_Module\TC00_Without_Methods_Test.spec.ts","",""
"","30362","Verify success message ""You have been successfully subscribed!"" is visible","chromium","2026-02-08","passed","2026-02-08","Subscription Flow","05_Subscription_Module\TC22_Scrolling_subscription_test.spec.ts","",""
"","11200","Verify that home page is visible successfully","chromium","2026-02-08","passed","2026-02-08","Register Flow","01_LoginRegister_Module\TC05_Register_With_Existing_Mail_test.spec.ts","",""
"","28455","Verify ""New User Signup!"" is visible","chromium","2026-02-08","passed","2026-02-08","Signup Flow","01_LoginRegister_Module\TC01_SignUp_test.spec.ts","",""
"","26652","Verify all the products related to search are visible","chromium","2026-02-08","passed","2026-02-08","Product Review Flow","04_Products_Module\TC19_Adding_Review_test.spec.ts","",""
"","20100","Verify navigating to brand page and brand products are displayed","chromium","2026-02-08","passed","2026-02-08","Register Checkout Flow","04_Products_Module\TC17_View_Barnd_Products_test.spec.ts","",""
"","66686","Search Products and Verify Cart After Login","chromium","2026-02-08","passed","2026-02-08","All Products Flow","04_Products_Module\TC18_Search_Products_Verify_login_test.spec.ts","",""
"","76461","Verify Register while checkout","chromium","2026-02-08","broken","2026-02-08","Register Checkout Flow","04_Products_Module\TC14_PlaceOrder_Login_Before_Checkout_test.spec.ts","",""
"","30618","Verify Users could not Login by providing, Invalid email and invalid password","chromium","2026-02-08","passed","2026-02-08","Login Flow","01_LoginRegister_Module\TC03_Login_With_Invalid_Creds_test.spec.ts","",""
"","58251","Verify Register while checkout","chromium","2026-02-08","failed","2026-02-08","Register Checkout Flow","04_Products_Module\TC15_Remove_Products_From_Cart_test.spec.ts","",""
"","89192","Verify Register while checkout","chromium","2026-02-08","broken","2026-02-08","Register Checkout Flow","04_Products_Module\TC13_PlaceOrder_Register_Before_Checkout_test.spec.ts","",""
"","16863","Verify all the products related to search are visible","chromium","2026-02-08","passed","2026-02-08","All Products Flow","04_Products_Module\TC18_Search_Products_Verify_login_test.spec.ts","",""
"","20115","Verify user is navigated to ALL PRODUCTS page successfully","chromium","2026-02-08","passed","2026-02-08","All Products Flow","04_Products_Module\TC08_AllProducts_test.spec.ts","",""
"","22346","Verify that home page is visible successfully","chromium","2026-02-08","passed","2026-02-08","Subscription Flow","05_Subscription_Module\TC22_Scrolling_subscription_test.spec.ts","",""
"","10352","Verify that home page is visible successfully","chromium","2026-02-08","passed","2026-02-08","Register Checkout Flow","04_Products_Module\TC13_PlaceOrder_Register_Before_Checkout_test.spec.ts","",""
"","21807","Verify user is navigated to test cases page successfully","chromium","2026-02-08","passed","2026-02-08","TestCase Page Flow","03_TestCase_Module\TC07_TestCase_test.spec.ts","",""
"","36848","Verify that home page is visible successfully","chromium","2026-02-08","passed","2026-02-08","Product Review Flow","04_Products_Module\TC19_Adding_Review_test.spec.ts","",""
"","69048","Verify that home page is visible successfully","chromium","2026-02-08","passed","2026-02-08","Signup Flow","01_LoginRegister_Module\TC00_Without_Methods_Test.spec.ts","",""
"","16138","Verify that home page is visible successfully","chromium","2026-02-08","passed","2026-02-08","All Products Flow","04_Products_Module\TC18_Search_Products_Verify_login_test.spec.ts","",""
"","14680","Verify, Users could not Login by keeping the fileds empty","chromium","2026-02-08","passed","2026-02-08","Login Flow","01_LoginRegister_Module\TC03_Login_With_Invalid_Creds_test.spec.ts","",""
"","30880","Verify ""New User Signup!"" is visible","chromium","2026-02-08","passed","2026-02-08","Signup Flow","01_LoginRegister_Module\TC00_Without_Methods_Test.spec.ts","",""
"","14888","Verify that home page is visible successfully","chromium","2026-02-08","passed","2026-02-08","Signup Flow","01_LoginRegister_Module\TC04_Logout_Test.spec.ts","",""
"","7246","has title","chromium","2026-02-08","passed","2026-02-08","","example.spec.ts","",""
"","26202","Verify user is navigated to ALL PRODUCTS page successfully","chromium","2026-02-08","passed","2026-02-08","Product Review Flow","04_Products_Module\TC19_Adding_Review_test.spec.ts","",""
"","67825","Verify that 'logged in user' is visible","chromium","2026-02-08","passed","2026-02-08","Signup Flow","01_LoginRegister_Module\TC01_SignUp_test.spec.ts","",""
"","28549","Verify both products are added to Cart","chromium","2026-02-08","passed","2026-02-08","Cart Products Flow","04_Products_Module\TC10_AddProducts_ToCart_test.spec.ts","",""
"","68066","Verify that 'logged in user' is visible","chromium","2026-02-08","broken","2026-02-08","Login Flow","01_LoginRegister_Module\TC02_Login_test.spec.ts","",""
"","14601","Verify that home page is visible successfully","chromium","2026-02-08","passed","2026-02-08","Product Review Flow","04_Products_Module\TC20_Recommended_Items_Add_test.spec.ts","",""
"","68698","Verify success message ""Thank you for your review.""","chromium","2026-02-08","failed","2026-02-08","Product Review Flow","04_Products_Module\TC19_Adding_Review_test.spec.ts","",""
"","15382","Verify that home page is visible successfully","chromium","2026-02-08","passed","2026-02-08","Register Checkout Flow","04_Products_Module\TC21_Download_Invoice_after_purchase_test.spec.ts","",""
"","34386","Verify Users could not Login by providing, Valid email and invalid password","chromium","2026-02-08","passed","2026-02-08","Login Flow","01_LoginRegister_Module\TC03_Login_With_Invalid_Creds_test.spec.ts","",""
"","26006","Verify that page is scrolled up and ""Full Fledged practice website for Automation Engineers"" text is visible on screen","chromium","2026-02-08","failed","2026-02-08","Subscription Flow","05_Subscription_Module\TC23_Scroll_UporDown_test.spec.ts","",""
"","17895","Verify that home page is visible successfully","chromium","2026-02-08","passed","2026-02-08","Subscription Flow","05_Subscription_Module\TC23_Scroll_UporDown_test.spec.ts","",""
"","30250","Verify ""Login to your account"" is visible","chromium","2026-02-08","passed","2026-02-08","Login Flow","01_LoginRegister_Module\TC02_Login_test.spec.ts","",""
"","16721","Verify user is navigated to ALL PRODUCTS page successfully","chromium","2026-02-08","passed","2026-02-08","All Products Flow","04_Products_Module\TC09_Search_Products_test.spec.ts","",""
